{"pitch": [-2.839375828968263, 11.426276656747135, 195.8441991012076, 55.59788453679476], "energy": [-1.6206642389297485, 10.88503646850586, 52.412160607464976, 34.62461493376623]}