{"pitch": [-1.7636026488668932, 11.426276656747135, 165.07701051444363, 59.853677416950376], "energy": [-1.231038212776184, 10.88503646850586, 41.212107837077895, 33.4768239412295]}