{"pitch": [-2.839375828968263, 11.022365914578717, 215.8441991012076, 53.59788453679476], "energy": [-1.6206642389297485, 6.772027492523193, 59.412160607464976, 36.62461493376623]}